{
  "startBlock.1": {
    "total_neurons": 16384,
    "dead_neurons": 0,
    "dead_percentage": 0.0,
    "nearly_dead": 8920,
    "nearly_dead_percentage": 54.443359375,
    "sparsity": 0.0,
    "mean_activation": -0.026186449453234673,
    "std_activation": 0.68340003490448,
    "max_activation": 6.552509307861328
  },
  "startBlock.2": {
    "total_neurons": 16384,
    "dead_neurons": 22,
    "dead_percentage": 0.13427734375,
    "nearly_dead": 206,
    "nearly_dead_percentage": 1.25732421875,
    "sparsity": 52.2523193359375,
    "mean_activation": 0.3279198408126831,
    "std_activation": 0.388340562582016,
    "max_activation": 6.552509307861328
  },
  "backBone.0.bn1": {
    "total_neurons": 16384,
    "dead_neurons": 0,
    "dead_percentage": 0.0,
    "nearly_dead": 8624,
    "nearly_dead_percentage": 52.63671875,
    "sparsity": 0.0,
    "mean_activation": -0.01837022975087166,
    "std_activation": 0.4929179549217224,
    "max_activation": 4.765703201293945
  },
  "backBone.0.bn2": {
    "total_neurons": 16384,
    "dead_neurons": 0,
    "dead_percentage": 0.0,
    "nearly_dead": 5280,
    "nearly_dead_percentage": 32.2265625,
    "sparsity": 0.0,
    "mean_activation": 0.32882869243621826,
    "std_activation": 0.7096327543258667,
    "max_activation": 9.382164001464844
  },
  "backBone.1.bn1": {
    "total_neurons": 16384,
    "dead_neurons": 0,
    "dead_percentage": 0.0,
    "nearly_dead": 8130,
    "nearly_dead_percentage": 49.62158203125,
    "sparsity": 0.0,
    "mean_activation": 0.007485416252166033,
    "std_activation": 0.40301504731178284,
    "max_activation": 3.6650500297546387
  },
  "backBone.1.bn2": {
    "total_neurons": 16384,
    "dead_neurons": 0,
    "dead_percentage": 0.0,
    "nearly_dead": 4402,
    "nearly_dead_percentage": 26.86767578125,
    "sparsity": 6.103515625e-05,
    "mean_activation": 0.5492514371871948,
    "std_activation": 0.8575117588043213,
    "max_activation": 11.563471794128418
  },
  "backBone.2.bn1": {
    "total_neurons": 16384,
    "dead_neurons": 0,
    "dead_percentage": 0.0,
    "nearly_dead": 8206,
    "nearly_dead_percentage": 50.08544921875,
    "sparsity": 0.0,
    "mean_activation": 0.012057479470968246,
    "std_activation": 0.3460726737976074,
    "max_activation": 3.278406858444214
  },
  "backBone.2.bn2": {
    "total_neurons": 16384,
    "dead_neurons": 0,
    "dead_percentage": 0.0,
    "nearly_dead": 3715,
    "nearly_dead_percentage": 22.674560546875,
    "sparsity": 0.0,
    "mean_activation": 0.7486741542816162,
    "std_activation": 0.988897979259491,
    "max_activation": 16.040409088134766
  },
  "backBone.3.bn1": {
    "total_neurons": 16384,
    "dead_neurons": 0,
    "dead_percentage": 0.0,
    "nearly_dead": 8883,
    "nearly_dead_percentage": 54.217529296875,
    "sparsity": 0.0,
    "mean_activation": -0.011133262887597084,
    "std_activation": 0.2885996997356415,
    "max_activation": 3.4318625926971436
  },
  "backBone.3.bn2": {
    "total_neurons": 16384,
    "dead_neurons": 0,
    "dead_percentage": 0.0,
    "nearly_dead": 3218,
    "nearly_dead_percentage": 19.64111328125,
    "sparsity": 0.0,
    "mean_activation": 0.8993286490440369,
    "std_activation": 1.0553699731826782,
    "max_activation": 17.165348052978516
  },
  "backBone.4.bn1": {
    "total_neurons": 16384,
    "dead_neurons": 0,
    "dead_percentage": 0.0,
    "nearly_dead": 9699,
    "nearly_dead_percentage": 59.197998046875,
    "sparsity": 0.0,
    "mean_activation": -0.0350269116461277,
    "std_activation": 0.22148728370666504,
    "max_activation": 2.3137059211730957
  },
  "backBone.4.bn2": {
    "total_neurons": 16384,
    "dead_neurons": 0,
    "dead_percentage": 0.0,
    "nearly_dead": 2373,
    "nearly_dead_percentage": 14.483642578125,
    "sparsity": 0.0,
    "mean_activation": 1.0151914358139038,
    "std_activation": 1.0472838878631592,
    "max_activation": 19.3942813873291
  },
  "backBone.5.bn1": {
    "total_neurons": 16384,
    "dead_neurons": 0,
    "dead_percentage": 0.0,
    "nearly_dead": 10865,
    "nearly_dead_percentage": 66.314697265625,
    "sparsity": 6.103515625e-05,
    "mean_activation": -0.06517825275659561,
    "std_activation": 0.16078457236289978,
    "max_activation": 2.475992441177368
  },
  "backBone.5.bn2": {
    "total_neurons": 16384,
    "dead_neurons": 0,
    "dead_percentage": 0.0,
    "nearly_dead": 2304,
    "nearly_dead_percentage": 14.0625,
    "sparsity": 0.0,
    "mean_activation": 1.0598379373550415,
    "std_activation": 1.0398707389831543,
    "max_activation": 19.644535064697266
  },
  "backBone.6.bn1": {
    "total_neurons": 16384,
    "dead_neurons": 0,
    "dead_percentage": 0.0,
    "nearly_dead": 11989,
    "nearly_dead_percentage": 73.175048828125,
    "sparsity": 0.0,
    "mean_activation": -0.09821375459432602,
    "std_activation": 0.130477637052536,
    "max_activation": 2.13323974609375
  },
  "backBone.6.bn2": {
    "total_neurons": 16384,
    "dead_neurons": 0,
    "dead_percentage": 0.0,
    "nearly_dead": 1832,
    "nearly_dead_percentage": 11.181640625,
    "sparsity": 0.0,
    "mean_activation": 1.0766193866729736,
    "std_activation": 1.0301077365875244,
    "max_activation": 20.823741912841797
  },
  "backBone.7.bn1": {
    "total_neurons": 16384,
    "dead_neurons": 0,
    "dead_percentage": 0.0,
    "nearly_dead": 12026,
    "nearly_dead_percentage": 73.40087890625,
    "sparsity": 0.0,
    "mean_activation": -0.08253715932369232,
    "std_activation": 0.11706909537315369,
    "max_activation": 2.3378775119781494
  },
  "backBone.7.bn2": {
    "total_neurons": 16384,
    "dead_neurons": 0,
    "dead_percentage": 0.0,
    "nearly_dead": 1740,
    "nearly_dead_percentage": 10.6201171875,
    "sparsity": 0.0,
    "mean_activation": 1.0717371702194214,
    "std_activation": 1.0275194644927979,
    "max_activation": 20.711902618408203
  },
  "backBone.8.bn1": {
    "total_neurons": 16384,
    "dead_neurons": 0,
    "dead_percentage": 0.0,
    "nearly_dead": 12609,
    "nearly_dead_percentage": 76.959228515625,
    "sparsity": 0.0,
    "mean_activation": -0.08428773283958435,
    "std_activation": 0.11421660333871841,
    "max_activation": 2.666718006134033
  },
  "backBone.8.bn2": {
    "total_neurons": 16384,
    "dead_neurons": 0,
    "dead_percentage": 0.0,
    "nearly_dead": 1847,
    "nearly_dead_percentage": 11.273193359375,
    "sparsity": 0.0,
    "mean_activation": 1.0403563976287842,
    "std_activation": 1.0343585014343262,
    "max_activation": 24.102609634399414
  },
  "backBone.9.bn1": {
    "total_neurons": 16384,
    "dead_neurons": 0,
    "dead_percentage": 0.0,
    "nearly_dead": 12898,
    "nearly_dead_percentage": 78.72314453125,
    "sparsity": 6.103515625e-05,
    "mean_activation": -0.08076274394989014,
    "std_activation": 0.11125868558883667,
    "max_activation": 3.5798611640930176
  },
  "backBone.9.bn2": {
    "total_neurons": 16384,
    "dead_neurons": 0,
    "dead_percentage": 0.0,
    "nearly_dead": 1707,
    "nearly_dead_percentage": 10.418701171875,
    "sparsity": 0.0,
    "mean_activation": 1.0218212604522705,
    "std_activation": 1.0289692878723145,
    "max_activation": 28.471708297729492
  },
  "backBone.10.bn1": {
    "total_neurons": 16384,
    "dead_neurons": 0,
    "dead_percentage": 0.0,
    "nearly_dead": 12423,
    "nearly_dead_percentage": 75.823974609375,
    "sparsity": 0.0,
    "mean_activation": -0.05715247988700867,
    "std_activation": 0.09712857007980347,
    "max_activation": 3.8661060333251953
  },
  "backBone.10.bn2": {
    "total_neurons": 16384,
    "dead_neurons": 0,
    "dead_percentage": 0.0,
    "nearly_dead": 1934,
    "nearly_dead_percentage": 11.80419921875,
    "sparsity": 0.0,
    "mean_activation": 1.003655195236206,
    "std_activation": 1.0192137956619263,
    "max_activation": 33.098175048828125
  },
  "backBone.11.bn1": {
    "total_neurons": 16384,
    "dead_neurons": 0,
    "dead_percentage": 0.0,
    "nearly_dead": 12745,